<?xml version="1.0" encoding="UTF-8" ?>
<XMLDB PATH="mod/tab/db" VERSION="20100721" COMMENT="XMLDB file for Moodle mod/tab"
    xmlns:xsi="http://www.w3.org/2001/XMLSchema-instance"
    xsi:noNamespaceSchemaLocation="../../../lib/xmldb/xmldb.xsd"
>
  <TABLES>
    <TABLE NAME="tab" COMMENT="Defines labels">
      <FIELDS>
        <FIELD NAME="id" TYPE="int" LENGTH="10" NOTNULL="true" UNSIGNED="true" SEQUENCE="true" ENUM="false" NEXT="course"/>
        <FIELD NAME="course" TYPE="int" LENGTH="10" NOTNULL="true" UNSIGNED="true" DEFAULT="0" SEQUENCE="false" ENUM="false" PREVIOUS="id" NEXT="name"/>
        <FIELD NAME="name" TYPE="char" LENGTH="255" NOTNULL="true" SEQUENCE="false" ENUM="false" PREVIOUS="course" NEXT="tab1"/>
        <FIELD NAME="tab1" TYPE="char" LENGTH="255" NOTNULL="true" SEQUENCE="false" ENUM="false" PREVIOUS="name" NEXT="tab2"/>
		<FIELD NAME="tab2" TYPE="char" LENGTH="255" NOTNULL="true" SEQUENCE="false" ENUM="false" PREVIOUS="tab1" NEXT="tab3"/>
		<FIELD NAME="tab3" TYPE="char" LENGTH="255" NOTNULL="true" SEQUENCE="false" ENUM="false" PREVIOUS="tab2" NEXT="tab4"/>
		<FIELD NAME="tab4" TYPE="char" LENGTH="255" NOTNULL="true" SEQUENCE="false" ENUM="false" PREVIOUS="tab3" NEXT="tab5"/>
		<FIELD NAME="tab5" TYPE="char" LENGTH="255" NOTNULL="true" SEQUENCE="false" ENUM="false" PREVIOUS="tab4" NEXT="tab6"/>
		<FIELD NAME="tab6" TYPE="char" LENGTH="255" NOTNULL="true" SEQUENCE="false" ENUM="false" PREVIOUS="tab5" NEXT="tab7"/>
		<FIELD NAME="tab7" TYPE="char" LENGTH="255" NOTNULL="true" SEQUENCE="false" ENUM="false" PREVIOUS="tab6" NEXT="tab8"/>
		<FIELD NAME="tab8" TYPE="char" LENGTH="255" NOTNULL="true" SEQUENCE="false" ENUM="false" PREVIOUS="tab7" NEXT="tab9"/>
		<FIELD NAME="tab9" TYPE="char" LENGTH="255" NOTNULL="true" SEQUENCE="false" ENUM="false" PREVIOUS="tab8" NEXT="tab0"/>
		<FIELD NAME="tab0" TYPE="char" LENGTH="255" NOTNULL="true" SEQUENCE="false" ENUM="false" PREVIOUS="tab9" NEXT="tab1content"/>
		<FIELD NAME="tab1content" TYPE="text" LENGTH="big" NOTNULL="true" SEQUENCE="false" ENUM="false" PREVIOUS="tab0" NEXT="tab2content"/>
		<FIELD NAME="tab2content" TYPE="text" LENGTH="big" NOTNULL="true" SEQUENCE="false" ENUM="false" PREVIOUS="tab1content" NEXT="tab3content"/>
		<FIELD NAME="tab3content" TYPE="text" LENGTH="big" NOTNULL="true" SEQUENCE="false" ENUM="false" PREVIOUS="tab2content" NEXT="tab4content"/>
		<FIELD NAME="tab4content" TYPE="text" LENGTH="big" NOTNULL="true" SEQUENCE="false" ENUM="false" PREVIOUS="tab3content" NEXT="tab5content"/>
		<FIELD NAME="tab5content" TYPE="text" LENGTH="big" NOTNULL="true" SEQUENCE="false" ENUM="false" PREVIOUS="tab4content" NEXT="tab6content"/>
		<FIELD NAME="tab6content" TYPE="text" LENGTH="big" NOTNULL="true" SEQUENCE="false" ENUM="false" PREVIOUS="tab5content" NEXT="tab7content"/>
		<FIELD NAME="tab7content" TYPE="text" LENGTH="big" NOTNULL="true" SEQUENCE="false" ENUM="false" PREVIOUS="tab6content" NEXT="tab8content"/>
		<FIELD NAME="tab8content" TYPE="text" LENGTH="big" NOTNULL="true" SEQUENCE="false" ENUM="false" PREVIOUS="tab7content" NEXT="tab9content"/>
		<FIELD NAME="tab9content" TYPE="text" LENGTH="big" NOTNULL="true" SEQUENCE="false" ENUM="false" PREVIOUS="tab8content" NEXT="tab0content"/>
		<FIELD NAME="tab0content" TYPE="text" LENGTH="big" NOTNULL="true" SEQUENCE="false" ENUM="false" PREVIOUS="tab9content" NEXT="css"/>
		<FIELD NAME="css" TYPE="text" LENGTH="big" NOTNULL="true" SEQUENCE="false" ENUM="false" PREVIOUS="tab0content" NEXT="menucss"/>
		<FIELD NAME="menucss" TYPE="text" LENGTH="big" NOTNULL="true" SEQUENCE="false" ENUM="false" PREVIOUS="css" NEXT="displaymenu"/>
		<FIELD NAME="displaymenu" TYPE="int" LENGTH="1" NOTNULL="true" SEQUENCE="false" ENUM="false" PREVIOUS="menucss" NEXT="displayfp"/>
		<FIELD NAME="displayfp" TYPE="int" LENGTH="1" NOTNULL="true" SEQUENCE="false" ENUM="false" PREVIOUS="displaymenu" NEXT="menuname"/>
		<FIELD NAME="menuname" TYPE="char" LENGTH="255" NOTNULL="true" SEQUENCE="false" ENUM="false" PREVIOUS="displayfp" NEXT="timemodified"/>
        <FIELD NAME="timemodified" TYPE="int" LENGTH="10" NOTNULL="true" UNSIGNED="true" DEFAULT="0" SEQUENCE="false" ENUM="false" PREVIOUS="menuname"/>
      </FIELDS>
      <KEYS>
        <KEY NAME="primary" TYPE="primary" FIELDS="id" />
      </KEYS>
      <INDEXES>
        <INDEX NAME="course" UNIQUE="false" FIELDS="course"/>
      </INDEXES>
    </TABLE>
  </TABLES>
  <STATEMENTS>
    <STATEMENT NAME="insert log_display" TYPE="insert" TABLE="log_display" COMMENT="Initial insert of records on table log_display">
      <SENTENCES>
        <SENTENCE TEXT="(module, action, mtable, field) VALUES ('tab', 'add', 'quiz', 'name')" />
        <SENTENCE TEXT="(module, action, mtable, field) VALUES ('tab', 'update', 'quiz', 'name')" />
      </SENTENCES>
    </STATEMENT>
  </STATEMENTS>
</XMLDB>
