<?xml version="1.0" encoding="UTF-8" ?>
<XMLDB PATH="mod/lecture/db" VERSION="20060811" COMMENT="XMLDB file for fn course format">
  <TABLES>
    <TABLE NAME="course_config_fn" COMMENT="Extra configuration for fn courses" NEXT="fn_coursemodule_extra">
      <FIELDS>
        <FIELD NAME="id" TYPE="int" LENGTH="10" NOTNULL="true" UNSIGNED="true" SEQUENCE="true" ENUM="false" NEXT="courseid"/>
        <FIELD NAME="courseid" TYPE="int" LENGTH="10" NOTNULL="true" UNSIGNED="true" SEQUENCE="false" ENUM="false" PREVIOUS="id" NEXT="variable"/>
        <FIELD NAME="variable" TYPE="char" LENGTH="255" NOTNULL="true" SEQUENCE="false" ENUM="false" PREVIOUS="courseid" NEXT="value"/>
        <FIELD NAME="value" TYPE="text" LENGTH="small" NOTNULL="true" SEQUENCE="false" ENUM="false" PREVIOUS="variable"/>
      </FIELDS>
      <KEYS>
        <KEY NAME="primary" TYPE="primary" FIELDS="id" COMMENT="Primary key for course_config_fn"/>
      </KEYS>
      <INDEXES>
        <INDEX NAME="courseid" UNIQUE="false" FIELDS="courseid"/>
      </INDEXES>
    </TABLE>
    <TABLE NAME="fn_coursemodule_extra" COMMENT="Extra configuration for fn course modules" PREVIOUS="course_config_fn">
      <FIELDS>
        <FIELD NAME="id" TYPE="int" LENGTH="10" NOTNULL="true" UNSIGNED="true" SEQUENCE="true" ENUM="false" NEXT="courseid"/>
        <FIELD NAME="courseid" TYPE="int" LENGTH="10" NOTNULL="true" UNSIGNED="true" SEQUENCE="false" ENUM="false" PREVIOUS="id" NEXT="cmid"/>
        <FIELD NAME="cmid" TYPE="int" LENGTH="10" NOTNULL="true" UNSIGNED="true" SEQUENCE="false" ENUM="false" PREVIOUS="courseid" NEXT="hideingradebook"/>
        <FIELD NAME="hideingradebook" TYPE="int" LENGTH="2" NOTNULL="true" UNSIGNED="true" SEQUENCE="false" ENUM="false" PREVIOUS="cmid" NEXT="mandatory"/>
        <FIELD NAME="mandatory" TYPE="int" LENGTH="2" NOTNULL="true" UNSIGNED="true" SEQUENCE="false" ENUM="false" PREVIOUS="hideingradebook"/>
      </FIELDS>
      <KEYS>
        <KEY NAME="primary" TYPE="primary" FIELDS="id" COMMENT="Primary key for fn_coursemodule_extra"/>
      </KEYS>
      <INDEXES>
        <INDEX NAME="courseid" UNIQUE="false" FIELDS="courseid" NEXT="cmid"/>
        <INDEX NAME="cmid" UNIQUE="false" FIELDS="cmid" PREVIOUS="courseid"/>
      </INDEXES>
    </TABLE>
  </TABLES>
</XMLDB>
