<?xml version="1.0" encoding="UTF-8" ?>
<XMLDB PATH="course/format/topicsadv/db" VERSION="2008040101" COMMENT="XMLDB file for Moodle course/format/topicsadv"
    xmlns:xsi="http://www.w3.org/2001/XMLSchema-instance"
    xsi:noNamespaceSchemaLocation="../../../lib/xmldb/xmldb.xsd"
>
  <TABLES>
    <TABLE NAME="course_topicsadv_title" COMMENT="Each of section titles for topicsadv course format">
      <FIELDS>
        <FIELD NAME="id" TYPE="int" LENGTH="10" NOTNULL="true" UNSIGNED="true" SEQUENCE="true" ENUM="false" NEXT="sectionid"/>
        <FIELD NAME="sectionid" TYPE="int" LENGTH="10" NOTNULL="true" UNSIGNED="true" DEFAULT="0" SEQUENCE="false" ENUM="false" PREVIOUS="id" NEXT="directoryname"/>
        <FIELD NAME="directoryname" TYPE="char" LENGTH="255" NOTNULL="true" SEQUENCE="false" ENUM="false" PREVIOUS="sectionid"/>
      </FIELDS>
      <KEYS>
        <KEY NAME="primary" TYPE="primary" FIELDS="id" />
      </KEYS>
      <INDEXES>
        <INDEX NAME="sectionid" UNIQUE="false" FIELDS="sectionid"/>
      </INDEXES>
    </TABLE>
  </TABLES>
</XMLDB>
