<?xml version="1.0" encoding="UTF-8" ?>
<XMLDB PATH="blocks/configurable_reports/db" VERSION="20100924" COMMENT="XMLDB file for Moodle blocks/configurable_reports"
    xmlns:xsi="http://www.w3.org/2001/XMLSchema-instance"
    xsi:noNamespaceSchemaLocation="../../../lib/xmldb/xmldb.xsd"
>
  <TABLES>
    <TABLE NAME="block_configurable_reports_report" COMMENT="block_configurable_reports_report table retrofitted from MySQL">
      <FIELDS>
        <FIELD NAME="id" TYPE="int" LENGTH="10" NOTNULL="true" UNSIGNED="true" SEQUENCE="true" ENUM="false" NEXT="courseid"/>
        <FIELD NAME="courseid" TYPE="int" LENGTH="11" NOTNULL="true" UNSIGNED="true" SEQUENCE="false" ENUM="false" PREVIOUS="id" NEXT="ownerid"/>
        <FIELD NAME="ownerid" TYPE="int" LENGTH="11" NOTNULL="true" UNSIGNED="true" SEQUENCE="false" ENUM="false" PREVIOUS="courseid" NEXT="visible"/>
        <FIELD NAME="visible" TYPE="int" LENGTH="4" NOTNULL="true" UNSIGNED="true" SEQUENCE="false" ENUM="false" PREVIOUS="ownerid" NEXT="name"/>
        <FIELD NAME="name" TYPE="char" LENGTH="128" NOTNULL="true" SEQUENCE="false" ENUM="false" PREVIOUS="visible" NEXT="summary"/>
        <FIELD NAME="summary" TYPE="text" LENGTH="small" NOTNULL="false" SEQUENCE="false" ENUM="false" PREVIOUS="name" NEXT="type"/>
        <FIELD NAME="type" TYPE="char" LENGTH="128" NOTNULL="true" SEQUENCE="false" ENUM="false" PREVIOUS="summary" NEXT="pagination"/>
		<FIELD NAME="pagination" TYPE="int" LENGTH="4" NOTNULL="false" UNSIGNED="true" SEQUENCE="false" ENUM="false" PREVIOUS="type" NEXT="components"/>
        <FIELD NAME="components" TYPE="text" LENGTH="small" NOTNULL="false" SEQUENCE="false" ENUM="false" PREVIOUS="pagination" NEXT="export"/>
        <FIELD NAME="export" TYPE="char" LENGTH="255" NOTNULL="false" SEQUENCE="false" ENUM="false" PREVIOUS="components" NEXT="jsordering"/>
        <FIELD NAME="jsordering" TYPE="int" LENGTH="4" NOTNULL="false" UNSIGNED="true" SEQUENCE="false" ENUM="false" PREVIOUS="export"/>
      </FIELDS>
      <KEYS>
        <KEY NAME="primary" TYPE="primary" FIELDS="id"/>
      </KEYS>
    </TABLE>
  </TABLES>
</XMLDB>