<?xml version="1.0" encoding="UTF-8" ?>
<XMLDB PATH="blocks/eportfolio/db" VERSION="20090121" COMMENT="XMLDB file for Exabis E-Portfolio"
    xmlns:xsi="http://www.w3.org/2001/XMLSchema-instance"
    xsi:noNamespaceSchemaLocation="../../../lib/xmldb/xmldb.xsd"
>
  <TABLES>
    <TABLE NAME="block_exabeporuser" COMMENT="user in the e-portfolio" NEXT="block_exabeporcate">
      <FIELDS>
        <FIELD NAME="id" TYPE="int" LENGTH="10" NOTNULL="true" UNSIGNED="true" SEQUENCE="true" ENUM="false" NEXT="user_id"/>
        <FIELD NAME="user_id" TYPE="int" LENGTH="10" NOTNULL="true" UNSIGNED="true" SEQUENCE="false" ENUM="false" PREVIOUS="id" NEXT="description"/>
        <FIELD NAME="description" TYPE="text" LENGTH="small" NOTNULL="true" SEQUENCE="false" ENUM="false" PREVIOUS="user_id" NEXT="persinfo_timemodified"/>
        <FIELD NAME="persinfo_timemodified" TYPE="int" LENGTH="10" NOTNULL="true" UNSIGNED="true" DEFAULT="0" SEQUENCE="false" ENUM="false" PREVIOUS="description" NEXT="persinfo_externaccess"/>
        <FIELD NAME="persinfo_externaccess" TYPE="int" LENGTH="1" NOTNULL="true" UNSIGNED="true" SEQUENCE="false" ENUM="false" PREVIOUS="persinfo_timemodified" NEXT="itemsort"/>
        <FIELD NAME="itemsort" TYPE="char" LENGTH="16" NOTNULL="true" SEQUENCE="false" ENUM="false" PREVIOUS="persinfo_externaccess" NEXT="user_hash"/>
        <FIELD NAME="user_hash" TYPE="char" LENGTH="8" NOTNULL="true" SEQUENCE="false" ENUM="false" PREVIOUS="itemsort"/>
      </FIELDS>
      <KEYS>
        <KEY NAME="primary" TYPE="primary" FIELDS="id" NEXT="user_id"/>
        <KEY NAME="user_id" TYPE="foreign-unique" FIELDS="user_id" REFTABLE="user" REFFIELDS="id" PREVIOUS="primary"/>
      </KEYS>
    </TABLE>
    <TABLE NAME="block_exabeporcate" COMMENT="categories for e-portfolio items" PREVIOUS="block_exabeporuser" NEXT="block_exabeporitem">
      <FIELDS>
        <FIELD NAME="id" TYPE="int" LENGTH="10" NOTNULL="true" UNSIGNED="true" SEQUENCE="true" ENUM="false" COMMENT="id of the table, please edit me" NEXT="pid"/>
        <FIELD NAME="pid" TYPE="int" LENGTH="10" NOTNULL="false" UNSIGNED="true" DEFAULT="0" SEQUENCE="false" ENUM="false" COMMENT="parent id" PREVIOUS="id" NEXT="userid"/>
        <FIELD NAME="userid" TYPE="int" LENGTH="10" NOTNULL="true" UNSIGNED="true" DEFAULT="0" SEQUENCE="false" ENUM="false" COMMENT="user id" PREVIOUS="pid" NEXT="name"/>
        <FIELD NAME="name" TYPE="char" LENGTH="255" NOTNULL="false" SEQUENCE="false" ENUM="false" COMMENT="name" PREVIOUS="userid" NEXT="timemodified"/>
        <FIELD NAME="timemodified" TYPE="int" LENGTH="10" NOTNULL="true" UNSIGNED="true" DEFAULT="0" SEQUENCE="false" ENUM="false" COMMENT="time modified" PREVIOUS="name" NEXT="courseid"/>
        <FIELD NAME="courseid" TYPE="int" LENGTH="10" NOTNULL="true" UNSIGNED="true" DEFAULT="0" SEQUENCE="false" ENUM="false" PREVIOUS="timemodified"/>
      </FIELDS>
      <KEYS>
        <KEY NAME="id" TYPE="primary" FIELDS="id" COMMENT="primary key for bookmark categories" NEXT="userid"/>
        <KEY NAME="userid" TYPE="foreign" FIELDS="userid" REFTABLE="user" REFFIELDS="id" PREVIOUS="id" NEXT="pid"/>
        <KEY NAME="pid" TYPE="foreign" FIELDS="pid" REFTABLE="block_exabeporcate" REFFIELDS="id" PREVIOUS="userid" NEXT="courseid"/>
        <KEY NAME="courseid" TYPE="foreign" FIELDS="courseid" REFTABLE="course" REFFIELDS="id" PREVIOUS="pid"/>
      </KEYS>
    </TABLE>
    <TABLE NAME="block_exabeporitem" COMMENT="User items" PREVIOUS="block_exabeporcate" NEXT="block_exabeporitemshar">
      <FIELDS>
        <FIELD NAME="id" TYPE="int" LENGTH="10" NOTNULL="true" UNSIGNED="true" SEQUENCE="true" ENUM="false" NEXT="userid"/>
        <FIELD NAME="userid" TYPE="int" LENGTH="10" NOTNULL="true" UNSIGNED="true" DEFAULT="0" SEQUENCE="false" ENUM="false" PREVIOUS="id" NEXT="type"/>
        <FIELD NAME="type" TYPE="char" LENGTH="8" NOTNULL="true" DEFAULT="note" SEQUENCE="false" ENUM="true" ENUMVALUES="'link', 'file', 'note'" PREVIOUS="userid" NEXT="categoryid"/>
        <FIELD NAME="categoryid" TYPE="int" LENGTH="10" NOTNULL="true" UNSIGNED="true" DEFAULT="0" SEQUENCE="false" ENUM="false" PREVIOUS="type" NEXT="name"/>
        <FIELD NAME="name" TYPE="char" LENGTH="255" NOTNULL="true" SEQUENCE="false" ENUM="false" PREVIOUS="categoryid" NEXT="url"/>
        <FIELD NAME="url" TYPE="char" LENGTH="255" NOTNULL="true" SEQUENCE="false" ENUM="false" PREVIOUS="name" NEXT="intro"/>
        <FIELD NAME="intro" TYPE="text" LENGTH="small" NOTNULL="true" SEQUENCE="false" ENUM="false" PREVIOUS="url" NEXT="attachment"/>
        <FIELD NAME="attachment" TYPE="char" LENGTH="100" NOTNULL="true" SEQUENCE="false" ENUM="false" PREVIOUS="intro" NEXT="timemodified"/>
        <FIELD NAME="timemodified" TYPE="int" LENGTH="10" NOTNULL="true" UNSIGNED="true" DEFAULT="0" SEQUENCE="false" ENUM="false" PREVIOUS="attachment" NEXT="courseid"/>
        <FIELD NAME="courseid" TYPE="int" LENGTH="10" NOTNULL="true" UNSIGNED="true" DEFAULT="0" SEQUENCE="false" ENUM="false" PREVIOUS="timemodified" NEXT="shareall"/>
        <FIELD NAME="shareall" TYPE="int" LENGTH="3" NOTNULL="true" UNSIGNED="true" DEFAULT="0" SEQUENCE="false" ENUM="false" PREVIOUS="courseid" NEXT="externaccess"/>
        <FIELD NAME="externaccess" TYPE="int" LENGTH="3" NOTNULL="true" UNSIGNED="true" DEFAULT="0" SEQUENCE="false" ENUM="false" PREVIOUS="shareall" NEXT="externcomment"/>
        <FIELD NAME="externcomment" TYPE="int" LENGTH="3" NOTNULL="true" UNSIGNED="true" DEFAULT="0" SEQUENCE="false" ENUM="false" PREVIOUS="externaccess" NEXT="sortorder"/>
        <FIELD NAME="sortorder" TYPE="int" LENGTH="11" NOTNULL="false" UNSIGNED="true" SEQUENCE="false" ENUM="false" PREVIOUS="externcomment"/>
      </FIELDS>
      <KEYS>
        <KEY NAME="primary" TYPE="primary" FIELDS="id" NEXT="userid"/>
        <KEY NAME="userid" TYPE="foreign" FIELDS="userid" REFTABLE="user" REFFIELDS="id" PREVIOUS="primary" NEXT="courseid"/>
        <KEY NAME="courseid" TYPE="foreign" FIELDS="courseid" REFTABLE="course" REFFIELDS="id" PREVIOUS="userid" NEXT="categoryid"/>
        <KEY NAME="categoryid" TYPE="foreign" FIELDS="categoryid" REFTABLE="block_exabeporcate" REFFIELDS="id" PREVIOUS="courseid"/>
      </KEYS>
    </TABLE>
    <TABLE NAME="block_exabeporitemshar" COMMENT="block_exabeporitemshar table retrofitted from MySQL" PREVIOUS="block_exabeporitem" NEXT="block_exabeporitemcomm">
      <FIELDS>
        <FIELD NAME="id" TYPE="int" LENGTH="10" NOTNULL="true" UNSIGNED="true" SEQUENCE="true" ENUM="false" NEXT="itemid"/>
        <FIELD NAME="itemid" TYPE="int" LENGTH="10" NOTNULL="true" UNSIGNED="true" DEFAULT="0" SEQUENCE="false" ENUM="false" PREVIOUS="id" NEXT="userid"/>
        <FIELD NAME="userid" TYPE="int" LENGTH="10" NOTNULL="true" UNSIGNED="true" DEFAULT="0" SEQUENCE="false" ENUM="false" PREVIOUS="itemid" NEXT="original"/>
        <FIELD NAME="original" TYPE="int" LENGTH="10" NOTNULL="true" UNSIGNED="true" DEFAULT="0" SEQUENCE="false" ENUM="false" PREVIOUS="userid" NEXT="courseid"/>
        <FIELD NAME="courseid" TYPE="int" LENGTH="10" NOTNULL="true" UNSIGNED="true" DEFAULT="0" SEQUENCE="false" ENUM="false" PREVIOUS="original"/>
      </FIELDS>
      <KEYS>
        <KEY NAME="primary" TYPE="primary" FIELDS="id" NEXT="userid"/>
        <KEY NAME="userid" TYPE="foreign" FIELDS="userid" REFTABLE="user" REFFIELDS="id" PREVIOUS="primary" NEXT="courseid"/>
        <KEY NAME="courseid" TYPE="foreign" FIELDS="courseid" REFTABLE="course" REFFIELDS="id" PREVIOUS="userid" NEXT="itemid"/>
        <KEY NAME="itemid" TYPE="foreign" FIELDS="itemid" REFTABLE="block_exabeporitem" REFFIELDS="id" PREVIOUS="courseid" NEXT="original"/>
        <KEY NAME="original" TYPE="foreign" FIELDS="original" REFTABLE="user" REFFIELDS="id" PREVIOUS="itemid"/>
      </KEYS>
    </TABLE>
    <TABLE NAME="block_exabeporitemcomm" COMMENT="comments for the items" PREVIOUS="block_exabeporitemshar" NEXT="block_exabeporview">
      <FIELDS>
        <FIELD NAME="id" TYPE="int" LENGTH="10" NOTNULL="true" UNSIGNED="true" SEQUENCE="true" ENUM="false" NEXT="itemid"/>
        <FIELD NAME="itemid" TYPE="int" LENGTH="10" NOTNULL="true" UNSIGNED="true" DEFAULT="0" SEQUENCE="false" ENUM="false" PREVIOUS="id" NEXT="userid"/>
        <FIELD NAME="userid" TYPE="int" LENGTH="10" NOTNULL="true" UNSIGNED="true" DEFAULT="0" SEQUENCE="false" ENUM="false" PREVIOUS="itemid" NEXT="entry"/>
        <FIELD NAME="entry" TYPE="text" LENGTH="medium" NOTNULL="true" SEQUENCE="false" ENUM="false" PREVIOUS="userid" NEXT="timemodified"/>
        <FIELD NAME="timemodified" TYPE="int" LENGTH="10" NOTNULL="true" UNSIGNED="true" DEFAULT="0" SEQUENCE="false" ENUM="false" PREVIOUS="entry"/>
      </FIELDS>
      <KEYS>
        <KEY NAME="primary" TYPE="primary" FIELDS="id" NEXT="userid"/>
        <KEY NAME="userid" TYPE="foreign" FIELDS="userid" REFTABLE="user" REFFIELDS="id" PREVIOUS="primary" NEXT="itemid"/>
        <KEY NAME="itemid" TYPE="foreign" FIELDS="itemid" REFTABLE="block_exabeporitem" REFFIELDS="id" PREVIOUS="userid"/>
      </KEYS>
    </TABLE>
    <TABLE NAME="block_exabeporview" COMMENT="views" PREVIOUS="block_exabeporitemcomm" NEXT="block_exabeporviewblock">
      <FIELDS>
        <FIELD NAME="id" TYPE="int" LENGTH="10" NOTNULL="true" UNSIGNED="true" SEQUENCE="true" ENUM="false" NEXT="userid"/>
        <FIELD NAME="userid" TYPE="int" LENGTH="10" NOTNULL="false" UNSIGNED="true" SEQUENCE="false" ENUM="false" PREVIOUS="id" NEXT="name"/>
        <FIELD NAME="name" TYPE="text" LENGTH="small" NOTNULL="false" SEQUENCE="false" ENUM="false" PREVIOUS="userid" NEXT="description"/>
        <FIELD NAME="description" TYPE="text" LENGTH="big" NOTNULL="false" SEQUENCE="false" ENUM="false" PREVIOUS="name" NEXT="theme"/>
        <FIELD NAME="theme" TYPE="text" LENGTH="small" NOTNULL="false" SEQUENCE="false" ENUM="false" PREVIOUS="description" NEXT="timemodified"/>
        <FIELD NAME="timemodified" TYPE="int" LENGTH="10" NOTNULL="false" UNSIGNED="true" SEQUENCE="false" ENUM="false" PREVIOUS="theme" NEXT="shareall"/>
        <FIELD NAME="shareall" TYPE="int" LENGTH="3" NOTNULL="false" UNSIGNED="true" SEQUENCE="false" ENUM="false" PREVIOUS="timemodified" NEXT="externaccess"/>
        <FIELD NAME="externaccess" TYPE="int" LENGTH="3" NOTNULL="false" UNSIGNED="true" SEQUENCE="false" ENUM="false" PREVIOUS="shareall" NEXT="externcomment"/>
        <FIELD NAME="externcomment" TYPE="int" LENGTH="3" NOTNULL="false" UNSIGNED="true" SEQUENCE="false" ENUM="false" PREVIOUS="externaccess" NEXT="hash"/>
        <FIELD NAME="hash" TYPE="char" LENGTH="8" NOTNULL="false" SEQUENCE="false" ENUM="false" PREVIOUS="externcomment"/>
      </FIELDS>
      <KEYS>
        <KEY NAME="primary" TYPE="primary" FIELDS="id" NEXT="userid"/>
        <KEY NAME="userid" TYPE="foreign" FIELDS="userid" REFTABLE="user" REFFIELDS="id" PREVIOUS="primary"/>
      </KEYS>
      <INDEXES>
        <INDEX NAME="hash" UNIQUE="true" FIELDS="hash"/>
      </INDEXES>
    </TABLE>
    <TABLE NAME="block_exabeporviewblock" COMMENT="Blocks on the view" PREVIOUS="block_exabeporview" NEXT="block_exabeporviewshar">
      <FIELDS>
        <FIELD NAME="id" TYPE="int" LENGTH="10" NOTNULL="true" UNSIGNED="true" SEQUENCE="true" ENUM="false" NEXT="viewid"/>
        <FIELD NAME="viewid" TYPE="int" LENGTH="10" NOTNULL="false" UNSIGNED="true" SEQUENCE="false" ENUM="false" PREVIOUS="id" NEXT="positionx"/>
        <FIELD NAME="positionx" TYPE="int" LENGTH="10" NOTNULL="false" UNSIGNED="true" SEQUENCE="false" ENUM="false" PREVIOUS="viewid" NEXT="positiony"/>
        <FIELD NAME="positiony" TYPE="int" LENGTH="10" NOTNULL="false" UNSIGNED="true" SEQUENCE="false" ENUM="false" PREVIOUS="positionx" NEXT="type"/>
        <FIELD NAME="type" TYPE="text" LENGTH="small" NOTNULL="false" SEQUENCE="false" ENUM="false" PREVIOUS="positiony" NEXT="itemid"/>
        <FIELD NAME="itemid" TYPE="int" LENGTH="10" NOTNULL="false" UNSIGNED="true" SEQUENCE="false" ENUM="false" PREVIOUS="type" NEXT="text"/>
        <FIELD NAME="text" TYPE="text" LENGTH="big" NOTNULL="false" SEQUENCE="false" ENUM="false" PREVIOUS="itemid"/>
      </FIELDS>
      <KEYS>
        <KEY NAME="primary" TYPE="primary" FIELDS="id" NEXT="view"/>
        <KEY NAME="view" TYPE="foreign" FIELDS="viewid" REFTABLE="block_exabeporview" REFFIELDS="id" PREVIOUS="primary" NEXT="item"/>
        <KEY NAME="item" TYPE="foreign" FIELDS="itemid" REFTABLE="block_exabeporitem" REFFIELDS="id" PREVIOUS="view"/>
      </KEYS>
    </TABLE>
    <TABLE NAME="block_exabeporviewshar" COMMENT="information to which users the view is shared" PREVIOUS="block_exabeporviewblock">
      <FIELDS>
        <FIELD NAME="id" TYPE="int" LENGTH="10" NOTNULL="true" UNSIGNED="true" SEQUENCE="true" ENUM="false" NEXT="viewid"/>
        <FIELD NAME="viewid" TYPE="int" LENGTH="20" NOTNULL="false" UNSIGNED="true" SEQUENCE="false" ENUM="false" PREVIOUS="id" NEXT="userid"/>
        <FIELD NAME="userid" TYPE="int" LENGTH="20" NOTNULL="false" UNSIGNED="true" SEQUENCE="false" ENUM="false" PREVIOUS="viewid"/>
      </FIELDS>
      <KEYS>
        <KEY NAME="primary" TYPE="primary" FIELDS="id" NEXT="view"/>
        <KEY NAME="view" TYPE="foreign" FIELDS="viewid" REFTABLE="block_exabeporview" REFFIELDS="id" PREVIOUS="primary" NEXT="user"/>
        <KEY NAME="user" TYPE="foreign" FIELDS="userid" REFTABLE="user" REFFIELDS="id" PREVIOUS="view"/>
      </KEYS>
    </TABLE>
  </TABLES>
</XMLDB>