<?xml version="1.0" encoding="UTF-8" ?>
<XMLDB PATH="mod/map/db" VERSION="2008110601" COMMENT="XMLDB file for Moodle mod/map"
    xmlns:xsi="http://www.w3.org/2001/XMLSchema-instance"
    xsi:noNamespaceSchemaLocation="../../../lib/xmldb/xmldb.xsd"
>
  <TABLES>
    <TABLE NAME="map" COMMENT="Available maps are stored here" NEXT="map_locations">
      <FIELDS>
        <FIELD NAME="id" TYPE="int" LENGTH="10" NOTNULL="true" UNSIGNED="true" SEQUENCE="true" ENUM="false" NEXT="course"/>
        <FIELD NAME="course" TYPE="int" LENGTH="10" NOTNULL="true" UNSIGNED="true" DEFAULT="0" SEQUENCE="false" ENUM="false" PREVIOUS="id" NEXT="name"/>
        <FIELD NAME="name" TYPE="char" LENGTH="255" NOTNULL="true" SEQUENCE="false" ENUM="false" PREVIOUS="course" NEXT="text"/>
        <FIELD NAME="text" TYPE="text" LENGTH="small" NOTNULL="true" SEQUENCE="false" ENUM="false" PREVIOUS="name" NEXT="format"/>
        <FIELD NAME="format" TYPE="int" LENGTH="2" NOTNULL="true" UNSIGNED="true" DEFAULT="0" SEQUENCE="false" ENUM="false" PREVIOUS="text" NEXT="studentlocations"/>
        <FIELD NAME="studentlocations" TYPE="int" LENGTH="2" NOTNULL="true" UNSIGNED="true" DEFAULT="0" SEQUENCE="false" ENUM="false" PREVIOUS="format" NEXT="requireok"/>
        <FIELD NAME="requireok" TYPE="int" LENGTH="2" NOTNULL="true" UNSIGNED="true" DEFAULT="0" SEQUENCE="false" ENUM="false" PREVIOUS="studentlocations" NEXT="extralocations"/>
        <FIELD NAME="extralocations" TYPE="int" LENGTH="2" NOTNULL="true" UNSIGNED="true" DEFAULT="0" SEQUENCE="false" ENUM="false" PREVIOUS="requireok" NEXT="showaddress4extra"/>
        <FIELD NAME="showaddress4extra" TYPE="int" LENGTH="2" NOTNULL="true" UNSIGNED="true" DEFAULT="0" SEQUENCE="false" ENUM="false" PREVIOUS="extralocations" NEXT="timemodified"/>
        <FIELD NAME="timemodified" TYPE="int" LENGTH="10" NOTNULL="true" UNSIGNED="true" DEFAULT="0" SEQUENCE="false" ENUM="false" PREVIOUS="showaddress4extra" NEXT="provider"/>
        <FIELD NAME="provider" TYPE="char" LENGTH="25" NOTNULL="false" SEQUENCE="false" ENUM="false" COMMENT="Map provider for this map" PREVIOUS="timemodified"/>
      </FIELDS>
      <KEYS>
        <KEY NAME="primary" TYPE="primary" FIELDS="id" COMMENT="Primary key for map"/>
      </KEYS>
      <INDEXES>
        <INDEX NAME="course" UNIQUE="false" FIELDS="course"/>
      </INDEXES>
    </TABLE>
    <TABLE NAME="map_locations" COMMENT="locations of students" PREVIOUS="map">
      <FIELDS>
        <FIELD NAME="id" TYPE="int" LENGTH="10" NOTNULL="true" UNSIGNED="true" SEQUENCE="true" ENUM="false" NEXT="mapid"/>
        <FIELD NAME="mapid" TYPE="int" LENGTH="10" NOTNULL="true" UNSIGNED="true" DEFAULT="0" SEQUENCE="false" ENUM="false" PREVIOUS="id" NEXT="userid"/>
        <FIELD NAME="userid" TYPE="int" LENGTH="10" NOTNULL="true" UNSIGNED="true" DEFAULT="0" SEQUENCE="false" ENUM="false" PREVIOUS="mapid" NEXT="title"/>
        <FIELD NAME="title" TYPE="char" LENGTH="100" NOTNULL="false" SEQUENCE="false" ENUM="false" PREVIOUS="userid" NEXT="showcode"/>
        <FIELD NAME="showcode" TYPE="int" LENGTH="10" NOTNULL="true" UNSIGNED="true" DEFAULT="0" SEQUENCE="false" ENUM="false" PREVIOUS="title" NEXT="latitude"/>
        <FIELD NAME="latitude" TYPE="text" LENGTH="small" NOTNULL="false" SEQUENCE="false" ENUM="false" PREVIOUS="showcode" NEXT="longitude"/>
        <FIELD NAME="longitude" TYPE="text" LENGTH="small" NOTNULL="false" SEQUENCE="false" ENUM="false" PREVIOUS="latitude" NEXT="address"/>
        <FIELD NAME="address" TYPE="text" LENGTH="small" NOTNULL="false" SEQUENCE="false" ENUM="false" PREVIOUS="longitude" NEXT="city"/>
        <FIELD NAME="city" TYPE="text" LENGTH="small" NOTNULL="false" SEQUENCE="false" ENUM="false" PREVIOUS="address" NEXT="state"/>
        <FIELD NAME="state" TYPE="text" LENGTH="small" NOTNULL="false" SEQUENCE="false" ENUM="false" PREVIOUS="city" NEXT="country"/>
        <FIELD NAME="country" TYPE="text" LENGTH="small" NOTNULL="false" SEQUENCE="false" ENUM="false" PREVIOUS="state" NEXT="text"/>
        <FIELD NAME="text" TYPE="text" LENGTH="small" NOTNULL="false" SEQUENCE="false" ENUM="false" PREVIOUS="country" NEXT="timemodified"/>
        <FIELD NAME="timemodified" TYPE="int" LENGTH="10" NOTNULL="true" UNSIGNED="true" DEFAULT="0" SEQUENCE="false" ENUM="false" PREVIOUS="text"/>
      </FIELDS>
      <KEYS>
        <KEY NAME="primary" TYPE="primary" FIELDS="id" COMMENT="Primary key for map_locations" NEXT="mapid"/>
        <KEY NAME="mapid" TYPE="foreign" FIELDS="mapid" REFTABLE="map" REFFIELDS="id" PREVIOUS="primary"/>
      </KEYS>
      <INDEXES>
        <INDEX NAME="userid" UNIQUE="false" FIELDS="userid"/>
      </INDEXES>
    </TABLE>
  </TABLES>
  <STATEMENTS>
    <STATEMENT NAME="insert log_display" TYPE="insert" TABLE="log_display" COMMENT="Initial insert of records on table log_display">
      <SENTENCES>
        <SENTENCE TEXT="(module, action, mtable, field) VALUES ('map', 'view', 'map', 'name')" />
        <SENTENCE TEXT="(module, action, mtable, field) VALUES ('map', 'update', 'map', 'name')" />
        <SENTENCE TEXT="(module, action, mtable, field) VALUES ('map', 'add', 'map', 'name')" />
        <SENTENCE TEXT="(module, action, mtable, field) VALUES ('map', 'report', 'map', 'name')" />
        <SENTENCE TEXT="(module, action, mtable, field) VALUES ('map', 'choose', 'map', 'name')" />
        <SENTENCE TEXT="(module, action, mtable, field) VALUES ('map', 'choose again', 'map', 'name')" />
      </SENTENCES>
    </STATEMENT>
  </STATEMENTS>
</XMLDB>